language,age,words,n,measure,prop
Italian,7,disubbidiente,5,produces,0
Italian,7,disubbidiente,5,understands,0
Italian,8,disubbidiente,34,produces,0
Italian,8,disubbidiente,34,understands,0
Italian,9,disubbidiente,38,produces,0
Italian,9,disubbidiente,38,understands,0
Italian,10,disubbidiente,53,produces,0
Italian,10,disubbidiente,53,understands,0
Italian,11,disubbidiente,42,produces,0
Italian,11,disubbidiente,42,understands,0
Italian,12,disubbidiente,69,produces,0
Italian,12,disubbidiente,69,understands,0.029
Italian,13,disubbidiente,48,produces,0
Italian,13,disubbidiente,48,understands,0.0208
Italian,14,disubbidiente,40,produces,0
Italian,14,disubbidiente,40,understands,0.1
Italian,15,disubbidiente,68,produces,0
Italian,15,disubbidiente,68,understands,0.0441
Italian,16,disubbidiente,56,produces,0
Italian,16,disubbidiente,56,understands,0.125
Italian,17,disubbidiente,48,produces,0
Italian,17,disubbidiente,48,understands,0.0833
Italian,18,disubbidiente,75,produces,0
Italian,18,disubbidiente,75,understands,0.0533
Italian,19,disubbidiente,58,produces,0.0172
Italian,19,disubbidiente,58,understands,0.0345
Italian,20,disubbidiente,83,produces,0.012
Italian,20,disubbidiente,83,understands,0.0482
Italian,21,disubbidiente,67,produces,0.0448
Italian,21,disubbidiente,67,understands,0.0896
Italian,22,disubbidiente,77,produces,0.026
Italian,22,disubbidiente,77,understands,0.0779
Italian,23,disubbidiente,70,produces,0.0429
Italian,23,disubbidiente,70,understands,0.0714
Italian,24,disubbidiente,85,produces,0.0353
Italian,24,disubbidiente,85,understands,0.0471
Italian,25,disubbidiente,39,produces,0.0256
Italian,25,disubbidiente,39,understands,0
Italian,26,disubbidiente,41,produces,0.122
Italian,26,disubbidiente,41,understands,0
Italian,27,disubbidiente,43,produces,0.0698
Italian,27,disubbidiente,43,understands,0
Italian,28,disubbidiente,44,produces,0.1136
Italian,28,disubbidiente,44,understands,0
Italian,29,disubbidiente,37,produces,0.1892
Italian,29,disubbidiente,37,understands,0
Italian,30,disubbidiente,67,produces,0.2388
Italian,30,disubbidiente,67,understands,0
Italian,31,disubbidiente,19,produces,0.2105
Italian,31,disubbidiente,19,understands,0
Italian,32,disubbidiente,23,produces,0.2609
Italian,32,disubbidiente,23,understands,0
Italian,33,disubbidiente,16,produces,0.25
Italian,33,disubbidiente,16,understands,0
Italian,34,disubbidiente,19,produces,0.2632
Italian,34,disubbidiente,19,understands,0
Italian,35,disubbidiente,15,produces,0.2667
Italian,35,disubbidiente,15,understands,0
Italian,36,disubbidiente,21,produces,0.381
Italian,36,disubbidiente,21,understands,0
Mandarin (Beijing),16,淘气（调皮）,70,produces,0.0143
Mandarin (Beijing),16,淘气（调皮）,70,understands,0
Mandarin (Beijing),17,"淘气, 淘气（调皮）",112,produces,0.0714
Mandarin (Beijing),17,"淘气, 淘气（调皮）",112,understands,0
Mandarin (Beijing),18,"淘气, 淘气（调皮）",121,produces,0.0909
Mandarin (Beijing),18,"淘气, 淘气（调皮）",121,understands,0
Mandarin (Beijing),19,"淘气, 淘气（调皮）",120,produces,0.1833
Mandarin (Beijing),19,"淘气, 淘气（调皮）",120,understands,0
Mandarin (Beijing),20,"淘气, 淘气（调皮）",121,produces,0.2975
Mandarin (Beijing),20,"淘气, 淘气（调皮）",121,understands,0
Mandarin (Beijing),21,"淘气, 淘气（调皮）",119,produces,0.3025
Mandarin (Beijing),21,"淘气, 淘气（调皮）",119,understands,0
Mandarin (Beijing),22,"淘气, 淘气（调皮）",117,produces,0.3932
Mandarin (Beijing),22,"淘气, 淘气（调皮）",117,understands,0
Mandarin (Beijing),23,"淘气, 淘气（调皮）",120,produces,0.5417
Mandarin (Beijing),23,"淘气, 淘气（调皮）",120,understands,0
Mandarin (Beijing),24,"淘气, 淘气（调皮）",120,produces,0.5333
Mandarin (Beijing),24,"淘气, 淘气（调皮）",120,understands,0
Mandarin (Beijing),25,"淘气, 淘气（调皮）",113,produces,0.6549
Mandarin (Beijing),25,"淘气, 淘气（调皮）",113,understands,0
Mandarin (Beijing),26,"淘气, 淘气（调皮）",118,produces,0.6017
Mandarin (Beijing),26,"淘气, 淘气（调皮）",118,understands,0
Mandarin (Beijing),27,"淘气, 淘气（调皮）",114,produces,0.7105
Mandarin (Beijing),27,"淘气, 淘气（调皮）",114,understands,0
Mandarin (Beijing),28,"淘气, 淘气（调皮）",114,produces,0.7105
Mandarin (Beijing),28,"淘气, 淘气（调皮）",114,understands,0
Mandarin (Beijing),29,"淘气, 淘气（调皮）",119,produces,0.7731
Mandarin (Beijing),29,"淘气, 淘气（调皮）",119,understands,0
Mandarin (Beijing),30,"淘气, 淘气（调皮）",110,produces,0.8091
Mandarin (Beijing),30,"淘气, 淘气（调皮）",110,understands,0
Mandarin (Taiwanese),8,不乖,86,produces,0
Mandarin (Taiwanese),8,不乖,86,understands,0.4767
Mandarin (Taiwanese),9,不乖,79,produces,0
Mandarin (Taiwanese),9,不乖,79,understands,0.481
Mandarin (Taiwanese),10,不乖,78,produces,0
Mandarin (Taiwanese),10,不乖,78,understands,0.3077
Mandarin (Taiwanese),11,不乖,79,produces,0.0253
Mandarin (Taiwanese),11,不乖,79,understands,0.2405
Mandarin (Taiwanese),12,不乖,80,produces,0.05
Mandarin (Taiwanese),12,不乖,80,understands,0.375
Mandarin (Taiwanese),13,不乖,78,produces,0.0256
Mandarin (Taiwanese),13,不乖,78,understands,0.3718
Mandarin (Taiwanese),14,不乖,81,produces,0.0494
Mandarin (Taiwanese),14,不乖,81,understands,0.3086
Mandarin (Taiwanese),15,不乖,106,produces,0.0472
Mandarin (Taiwanese),15,不乖,106,understands,0.4811
Mandarin (Taiwanese),16,不乖,170,produces,0.0353
Mandarin (Taiwanese),16,不乖,170,understands,0.2176
Mandarin (Taiwanese),17,不乖,87,produces,0.046
Mandarin (Taiwanese),17,不乖,87,understands,0
Mandarin (Taiwanese),18,不乖,84,produces,0.0714
Mandarin (Taiwanese),18,不乖,84,understands,0
Mandarin (Taiwanese),19,不乖,84,produces,0.1667
Mandarin (Taiwanese),19,不乖,84,understands,0
Mandarin (Taiwanese),20,不乖,84,produces,0.1667
Mandarin (Taiwanese),20,不乖,84,understands,0
Mandarin (Taiwanese),21,不乖,88,produces,0.2614
Mandarin (Taiwanese),21,不乖,88,understands,0
Mandarin (Taiwanese),22,不乖,96,produces,0.3333
Mandarin (Taiwanese),22,不乖,96,understands,0
Mandarin (Taiwanese),23,不乖,105,produces,0.381
Mandarin (Taiwanese),23,不乖,105,understands,0
Mandarin (Taiwanese),24,不乖,124,produces,0.4435
Mandarin (Taiwanese),24,不乖,124,understands,0
Mandarin (Taiwanese),25,不乖,110,produces,0.5
Mandarin (Taiwanese),25,不乖,110,understands,0
Mandarin (Taiwanese),26,不乖,87,produces,0.5977
Mandarin (Taiwanese),26,不乖,87,understands,0
Mandarin (Taiwanese),27,不乖,92,produces,0.6196
Mandarin (Taiwanese),27,不乖,92,understands,0
Mandarin (Taiwanese),28,不乖,100,produces,0.7
Mandarin (Taiwanese),28,不乖,100,understands,0
Mandarin (Taiwanese),29,不乖,88,produces,0.7841
Mandarin (Taiwanese),29,不乖,88,understands,0
Mandarin (Taiwanese),30,不乖,94,produces,0.766
Mandarin (Taiwanese),30,不乖,94,understands,0
Mandarin (Taiwanese),31,不乖,88,produces,0.8182
Mandarin (Taiwanese),31,不乖,88,understands,0
Mandarin (Taiwanese),32,不乖,82,produces,0.8049
Mandarin (Taiwanese),32,不乖,82,understands,0
Mandarin (Taiwanese),33,不乖,85,produces,0.9294
Mandarin (Taiwanese),33,不乖,85,understands,0
Mandarin (Taiwanese),34,不乖,77,produces,0.8571
Mandarin (Taiwanese),34,不乖,77,understands,0
Mandarin (Taiwanese),35,不乖,81,produces,0.9259
Mandarin (Taiwanese),35,不乖,81,understands,0
Mandarin (Taiwanese),36,不乖,81,produces,0.9259
Mandarin (Taiwanese),36,不乖,81,understands,0
Norwegian,8,slem,77,produces,0.013
Norwegian,8,slem,77,understands,0.026
Norwegian,9,slem,138,produces,0
Norwegian,9,slem,138,understands,0.0072
Norwegian,10,slem,203,produces,0
Norwegian,10,slem,203,understands,0.0197
Norwegian,11,slem,241,produces,0.0041
Norwegian,11,slem,241,understands,0.0124
Norwegian,12,slem,221,produces,0
Norwegian,12,slem,221,understands,0.0181
Norwegian,13,slem,246,produces,0
Norwegian,13,slem,246,understands,0.0447
Norwegian,14,slem,269,produces,0
Norwegian,14,slem,269,understands,0.0446
Norwegian,15,slem,239,produces,0.0042
Norwegian,15,slem,239,understands,0.0418
Norwegian,16,slem,346,produces,0.0087
Norwegian,16,slem,346,understands,0.0405
Norwegian,17,slem,435,produces,0.0046
Norwegian,17,slem,435,understands,0.0644
Norwegian,18,slem,494,produces,0.0061
Norwegian,18,slem,494,understands,0.0729
Norwegian,19,slem,504,produces,0.0198
Norwegian,19,slem,504,understands,0.0734
Norwegian,20,slem,601,produces,0.0283
Norwegian,20,slem,601,understands,0.1265
Norwegian,21,slem,418,produces,0.0359
Norwegian,21,slem,418,understands,0
Norwegian,22,slem,596,produces,0.0621
Norwegian,22,slem,596,understands,0
Norwegian,23,slem,566,produces,0.1113
Norwegian,23,slem,566,understands,0
Norwegian,24,slem,538,produces,0.1636
Norwegian,24,slem,538,understands,0
Norwegian,25,slem,656,produces,0.2363
Norwegian,25,slem,656,understands,0
Norwegian,26,slem,644,produces,0.3152
Norwegian,26,slem,644,understands,0
Norwegian,27,slem,525,produces,0.3981
Norwegian,27,slem,525,understands,0
Norwegian,28,slem,544,produces,0.4632
Norwegian,28,slem,544,understands,0
Norwegian,29,slem,536,produces,0.5336
Norwegian,29,slem,536,understands,0
Norwegian,30,slem,457,produces,0.6039
Norwegian,30,slem,457,understands,0
Norwegian,31,slem,479,produces,0.6305
Norwegian,31,slem,479,understands,0
Norwegian,32,slem,451,produces,0.7029
Norwegian,32,slem,451,understands,0
Norwegian,33,slem,430,produces,0.7419
Norwegian,33,slem,430,understands,0
Norwegian,34,slem,424,produces,0.7618
Norwegian,34,slem,424,understands,0
Norwegian,35,slem,422,produces,0.8057
Norwegian,35,slem,422,understands,0
Norwegian,36,slem,329,produces,0.845
Norwegian,36,slem,329,understands,0
Portuguese (European),16,Malandro,144,produces,0
Portuguese (European),16,Malandro,144,understands,0
Portuguese (European),17,Malandro,158,produces,0.0063
Portuguese (European),17,Malandro,158,understands,0
Portuguese (European),18,Malandro,203,produces,0
Portuguese (European),18,Malandro,203,understands,0
Portuguese (European),19,Malandro,196,produces,0.0153
Portuguese (European),19,Malandro,196,understands,0
Portuguese (European),20,Malandro,218,produces,0.0321
Portuguese (European),20,Malandro,218,understands,0
Portuguese (European),21,Malandro,208,produces,0.0288
Portuguese (European),21,Malandro,208,understands,0
Portuguese (European),22,Malandro,213,produces,0.0423
Portuguese (European),22,Malandro,213,understands,0
Portuguese (European),23,Malandro,199,produces,0.0704
Portuguese (European),23,Malandro,199,understands,0
Portuguese (European),24,Malandro,215,produces,0.1116
Portuguese (European),24,Malandro,215,understands,0
Portuguese (European),25,Malandro,213,produces,0.1878
Portuguese (European),25,Malandro,213,understands,0
Portuguese (European),26,Malandro,218,produces,0.1606
Portuguese (European),26,Malandro,218,understands,0
Portuguese (European),27,Malandro,238,produces,0.1891
Portuguese (European),27,Malandro,238,understands,0
Portuguese (European),28,Malandro,219,produces,0.21
Portuguese (European),28,Malandro,219,understands,0
Portuguese (European),29,Malandro,207,produces,0.2319
Portuguese (European),29,Malandro,207,understands,0
Portuguese (European),30,Malandro,163,produces,0.2945
Portuguese (European),30,Malandro,163,understands,0
Russian,18,непослушный,42,produces,0
Russian,18,непослушный,42,understands,0
Russian,19,непослушный,41,produces,0
Russian,19,непослушный,41,understands,0
Russian,20,непослушный,45,produces,0
Russian,20,непослушный,45,understands,0
Russian,21,непослушный,43,produces,0.0698
Russian,21,непослушный,43,understands,0
Russian,22,непослушный,51,produces,0.0196
Russian,22,непослушный,51,understands,0
Russian,23,непослушный,56,produces,0.125
Russian,23,непослушный,56,understands,0
Russian,24,непослушный,61,produces,0.1148
Russian,24,непослушный,61,understands,0
Russian,25,непослушный,66,produces,0.1515
Russian,25,непослушный,66,understands,0
Russian,26,непослушный,52,produces,0.0577
Russian,26,непослушный,52,understands,0
Russian,27,непослушный,60,produces,0.35
Russian,27,непослушный,60,understands,0
Russian,28,непослушный,60,produces,0.3167
Russian,28,непослушный,60,understands,0
Russian,29,непослушный,58,produces,0.4138
Russian,29,непослушный,58,understands,0
Russian,30,непослушный,77,produces,0.4416
Russian,30,непослушный,77,understands,0
Russian,31,непослушный,61,produces,0.5082
Russian,31,непослушный,61,understands,0
Russian,32,непослушный,55,produces,0.6545
Russian,32,непослушный,55,understands,0
Russian,33,непослушный,55,produces,0.6364
Russian,33,непослушный,55,understands,0
Russian,34,непослушный,58,produces,0.5345
Russian,34,непослушный,58,understands,0
Russian,35,непослушный,47,produces,0.5532
Russian,35,непослушный,47,understands,0
Russian,36,непослушный,49,produces,0.7143
Russian,36,непослушный,49,understands,0
Spanish (Chilean),8,porfiado/desobediente/travieso,9,produces,0
Spanish (Chilean),8,porfiado/desobediente/travieso,9,understands,0
Spanish (Chilean),9,porfiado/desobediente/travieso,4,produces,0
Spanish (Chilean),9,porfiado/desobediente/travieso,4,understands,0.25
Spanish (Chilean),10,porfiado/desobediente/travieso,9,produces,0
Spanish (Chilean),10,porfiado/desobediente/travieso,9,understands,0.4444
Spanish (Chilean),11,porfiado/desobediente/travieso,8,produces,0
Spanish (Chilean),11,porfiado/desobediente/travieso,8,understands,0.125
Spanish (Chilean),12,porfiado/desobediente/travieso,5,produces,0
Spanish (Chilean),12,porfiado/desobediente/travieso,5,understands,0.2
Spanish (Chilean),13,porfiado/desobediente/travieso,4,produces,0
Spanish (Chilean),13,porfiado/desobediente/travieso,4,understands,0.25
Spanish (Chilean),14,porfiado/desobediente/travieso,6,produces,0
Spanish (Chilean),14,porfiado/desobediente/travieso,6,understands,0.3333
Spanish (Chilean),15,porfiado/desobediente/travieso,5,produces,0
Spanish (Chilean),15,porfiado/desobediente/travieso,5,understands,0
Spanish (Mexican),16,travieso,68,produces,0.0294
Spanish (Mexican),16,travieso,68,understands,0
Spanish (Mexican),17,travieso,59,produces,0.0339
Spanish (Mexican),17,travieso,59,understands,0
Spanish (Mexican),18,travieso,75,produces,0.0667
Spanish (Mexican),18,travieso,75,understands,0
Spanish (Mexican),19,travieso,100,produces,0.15
Spanish (Mexican),19,travieso,100,understands,0
Spanish (Mexican),20,travieso,107,produces,0.1495
Spanish (Mexican),20,travieso,107,understands,0
Spanish (Mexican),21,travieso,84,produces,0.0714
Spanish (Mexican),21,travieso,84,understands,0
Spanish (Mexican),22,travieso,141,produces,0.078
Spanish (Mexican),22,travieso,141,understands,0
Spanish (Mexican),23,travieso,91,produces,0.0989
Spanish (Mexican),23,travieso,91,understands,0
Spanish (Mexican),24,travieso,126,produces,0.1905
Spanish (Mexican),24,travieso,126,understands,0
Spanish (Mexican),25,travieso,177,produces,0.1412
Spanish (Mexican),25,travieso,177,understands,0
Spanish (Mexican),26,travieso,83,produces,0.2892
Spanish (Mexican),26,travieso,83,understands,0
Spanish (Mexican),27,travieso,85,produces,0.3059
Spanish (Mexican),27,travieso,85,understands,0
Spanish (Mexican),28,travieso,89,produces,0.2697
Spanish (Mexican),28,travieso,89,understands,0
Spanish (Mexican),29,travieso,89,produces,0.3596
Spanish (Mexican),29,travieso,89,understands,0
Spanish (Mexican),30,travieso,308,produces,0.1396
Spanish (Mexican),30,travieso,308,understands,0
Swedish,8,stygg,26,produces,0
Swedish,8,stygg,26,understands,0
Swedish,9,stygg,2,produces,0
Swedish,9,stygg,2,understands,0
Swedish,10,stygg,54,produces,0
Swedish,10,stygg,54,understands,0
Swedish,11,stygg,3,produces,0
Swedish,11,stygg,3,understands,0
Swedish,12,stygg,79,produces,0
Swedish,12,stygg,79,understands,0.0127
Swedish,13,stygg,7,produces,0
Swedish,13,stygg,7,understands,0
Swedish,14,stygg,124,produces,0
Swedish,14,stygg,124,understands,0.0403
Swedish,15,stygg,13,produces,0
Swedish,15,stygg,13,understands,0.0769
Swedish,16,stygg,318,produces,0
Swedish,16,stygg,318,understands,0.0314
Swedish,19,stygg,152,produces,0
Swedish,19,stygg,152,understands,0
Swedish,22,stygg,307,produces,0.0456
Swedish,22,stygg,307,understands,0
Swedish,25,stygg,143,produces,0.0839
Swedish,25,stygg,143,understands,0
Swedish,28,stygg,139,produces,0.1727
Swedish,28,stygg,139,understands,0
Turkish,8,Yaramaz,140,produces,0
Turkish,8,Yaramaz,140,understands,0.0714
Turkish,9,Yaramaz,125,produces,0
Turkish,9,Yaramaz,125,understands,0.12
Turkish,10,Yaramaz,130,produces,0.0077
Turkish,10,Yaramaz,130,understands,0.1154
Turkish,11,Yaramaz,125,produces,0.008
Turkish,11,Yaramaz,125,understands,0.168
Turkish,12,Yaramaz,120,produces,0.0083
Turkish,12,Yaramaz,120,understands,0.2083
Turkish,13,Yaramaz,122,produces,0
Turkish,13,Yaramaz,122,understands,0.1557
Turkish,14,Yaramaz,147,produces,0
Turkish,14,Yaramaz,147,understands,0.2585
Turkish,15,Yaramaz,131,produces,0.0076
Turkish,15,Yaramaz,131,understands,0.3511
Turkish,16,"Yaramaz, Cadı",184,produces,0.0444
Turkish,16,"Yaramaz, Cadı",184,understands,0.0853
Turkish,17,"Cadı, Yaramaz",107,produces,0.0607
Turkish,17,"Cadı, Yaramaz",107,understands,0
Turkish,18,"Cadı, Yaramaz",128,produces,0.0703
Turkish,18,"Cadı, Yaramaz",128,understands,0
Turkish,19,"Cadı, Yaramaz",121,produces,0.0992
Turkish,19,"Cadı, Yaramaz",121,understands,0
Turkish,20,"Cadı, Yaramaz",119,produces,0.0924
Turkish,20,"Cadı, Yaramaz",119,understands,0
Turkish,21,"Cadı, Yaramaz",124,produces,0.1492
Turkish,21,"Cadı, Yaramaz",124,understands,0
Turkish,22,"Cadı, Yaramaz",126,produces,0.1548
Turkish,22,"Cadı, Yaramaz",126,understands,0
Turkish,23,"Cadı, Yaramaz",131,produces,0.1908
Turkish,23,"Cadı, Yaramaz",131,understands,0
Turkish,24,"Cadı, Yaramaz",106,produces,0.3019
Turkish,24,"Cadı, Yaramaz",106,understands,0
Turkish,25,"Cadı, Yaramaz",123,produces,0.3171
Turkish,25,"Cadı, Yaramaz",123,understands,0
Turkish,26,"Cadı, Yaramaz",123,produces,0.3862
Turkish,26,"Cadı, Yaramaz",123,understands,0
Turkish,27,"Cadı, Yaramaz",108,produces,0.4306
Turkish,27,"Cadı, Yaramaz",108,understands,0
Turkish,28,"Cadı, Yaramaz",112,produces,0.433
Turkish,28,"Cadı, Yaramaz",112,understands,0
Turkish,29,"Cadı, Yaramaz",119,produces,0.5042
Turkish,29,"Cadı, Yaramaz",119,understands,0
Turkish,30,"Cadı, Yaramaz",104,produces,0.6298
Turkish,30,"Cadı, Yaramaz",104,understands,0
Turkish,31,"Cadı, Yaramaz",101,produces,0.5842
Turkish,31,"Cadı, Yaramaz",101,understands,0
Turkish,32,"Cadı, Yaramaz",132,produces,0.6098
Turkish,32,"Cadı, Yaramaz",132,understands,0
Turkish,33,"Cadı, Yaramaz",114,produces,0.7368
Turkish,33,"Cadı, Yaramaz",114,understands,0
Turkish,34,"Cadı, Yaramaz",107,produces,0.6636
Turkish,34,"Cadı, Yaramaz",107,understands,0
Turkish,35,"Cadı, Yaramaz",131,produces,0.729
Turkish,35,"Cadı, Yaramaz",131,understands,0
Turkish,36,"Cadı, Yaramaz",77,produces,0.7987
Turkish,36,"Cadı, Yaramaz",77,understands,0
Arabic (Saudi),8,"شيطان, مشاغب/ شقي, مشاغب/ شقي/ شيطان",24,produces,0
Arabic (Saudi),8,"شيطان, مشاغب/ شقي, مشاغب/ شقي/ شيطان",24,understands,0.0833
Arabic (Saudi),9,"شيطان, مشاغب/ شقي, مشاغب/ شقي/ شيطان",27,produces,0
Arabic (Saudi),9,"شيطان, مشاغب/ شقي, مشاغب/ شقي/ شيطان",27,understands,0
Arabic (Saudi),10,"شيطان, مشاغب/ شقي, مشاغب/ شقي/ شيطان",35,produces,0
Arabic (Saudi),10,"شيطان, مشاغب/ شقي, مشاغب/ شقي/ شيطان",35,understands,0.0571
Arabic (Saudi),11,"شيطان, مشاغب/ شقي, مشاغب/ شقي/ شيطان",30,produces,0.0333
Arabic (Saudi),11,"شيطان, مشاغب/ شقي, مشاغب/ شقي/ شيطان",30,understands,0.0333
Arabic (Saudi),12,"شيطان, مشاغب/ شقي, مشاغب/ شقي/ شيطان",30,produces,0.0167
Arabic (Saudi),12,"شيطان, مشاغب/ شقي, مشاغب/ شقي/ شيطان",30,understands,0.0167
Arabic (Saudi),13,"شيطان, مشاغب/ شقي, مشاغب/ شقي/ شيطان",39,produces,0
Arabic (Saudi),13,"شيطان, مشاغب/ شقي, مشاغب/ شقي/ شيطان",39,understands,0
Arabic (Saudi),14,"شيطان, مشاغب/ شقي, مشاغب/ شقي/ شيطان",25,produces,0
Arabic (Saudi),14,"شيطان, مشاغب/ شقي, مشاغب/ شقي/ شيطان",25,understands,0
Arabic (Saudi),15,"شيطان, مشاغب/ شقي, مشاغب/ شقي/ شيطان",27,produces,0.0556
Arabic (Saudi),15,"شيطان, مشاغب/ شقي, مشاغب/ شقي/ شيطان",27,understands,0.0556
Arabic (Saudi),16,"شيطان, مشاغب/ شقي, مشاغب/ شقي/ شيطان",21,produces,0
Arabic (Saudi),16,"شيطان, مشاغب/ شقي, مشاغب/ شقي/ شيطان",21,understands,0.0476
Cantonese,16,曳,46,produces,0.413
Cantonese,16,曳,46,understands,0
Cantonese,17,曳,61,produces,0.6066
Cantonese,17,曳,61,understands,0
Cantonese,18,曳,68,produces,0.5588
Cantonese,18,曳,68,understands,0
Cantonese,19,曳,66,produces,0.6061
Cantonese,19,曳,66,understands,0
Cantonese,20,曳,140,produces,0.6286
Cantonese,20,曳,140,understands,0
Cantonese,21,曳,120,produces,0.6667
Cantonese,21,曳,120,understands,0
Cantonese,22,曳,68,produces,0.7353
Cantonese,22,曳,68,understands,0
Cantonese,23,曳,74,produces,0.7838
Cantonese,23,曳,74,understands,0
Cantonese,24,曳,68,produces,0.8676
Cantonese,24,曳,68,understands,0
Cantonese,25,曳,65,produces,0.9077
Cantonese,25,曳,65,understands,0
Cantonese,26,曳,68,produces,0.8824
Cantonese,26,曳,68,understands,0
Cantonese,27,曳,62,produces,0.9355
Cantonese,27,曳,62,understands,0
Cantonese,28,曳,66,produces,0.8788
Cantonese,28,曳,66,understands,0
Cantonese,29,曳,72,produces,0.9444
Cantonese,29,曳,72,understands,0
Cantonese,30,曳,164,produces,0.9207
Cantonese,30,曳,164,understands,0
Croatian,8,zločest(o),23,produces,0
Croatian,8,zločest(o),23,understands,0.0435
Croatian,9,zločest(o),25,produces,0
Croatian,9,zločest(o),25,understands,0.08
Croatian,10,zločest(o),22,produces,0
Croatian,10,zločest(o),22,understands,0.1364
Croatian,11,zločest(o),25,produces,0
Croatian,11,zločest(o),25,understands,0.28
Croatian,12,zločest(o),35,produces,0
Croatian,12,zločest(o),35,understands,0.2571
Croatian,13,zločest(o),34,produces,0
Croatian,13,zločest(o),34,understands,0.2353
Croatian,14,zločest(o),28,produces,0
Croatian,14,zločest(o),28,understands,0.5
Croatian,15,zločest(o),24,produces,0.0417
Croatian,15,zločest(o),24,understands,0.375
Croatian,16,"zločest(o), zločesto",47,produces,0.0638
Croatian,16,"zločest(o), zločesto",47,understands,0.383
Croatian,17,zločesto,25,produces,0.08
Croatian,17,zločesto,25,understands,0
Croatian,18,zločesto,22,produces,0
Croatian,18,zločesto,22,understands,0
Croatian,19,zločesto,21,produces,0.1429
Croatian,19,zločesto,21,understands,0
Croatian,20,zločesto,26,produces,0.1923
Croatian,20,zločesto,26,understands,0
Croatian,21,zločesto,29,produces,0.2069
Croatian,21,zločesto,29,understands,0
Croatian,22,zločesto,24,produces,0.25
Croatian,22,zločesto,24,understands,0
Croatian,23,zločesto,26,produces,0.2692
Croatian,23,zločesto,26,understands,0
Croatian,24,zločesto,30,produces,0.3667
Croatian,24,zločesto,30,understands,0
Croatian,25,zločesto,30,produces,0.5
Croatian,25,zločesto,30,understands,0
Croatian,26,zločesto,29,produces,0.4828
Croatian,26,zločesto,29,understands,0
Croatian,27,zločesto,25,produces,0.76
Croatian,27,zločesto,25,understands,0
Croatian,28,zločesto,21,produces,0.6667
Croatian,28,zločesto,21,understands,0
Croatian,29,zločesto,28,produces,0.7143
Croatian,29,zločesto,28,understands,0
Croatian,30,zločesto,28,produces,0.8214
Croatian,30,zločesto,28,understands,0
Czech,16,zlobivý,29,produces,0
Czech,16,zlobivý,29,understands,0
Czech,17,zlobivý,29,produces,0
Czech,17,zlobivý,29,understands,0
Czech,18,zlobivý,45,produces,0.0222
Czech,18,zlobivý,45,understands,0
Czech,19,zlobivý,27,produces,0.0741
Czech,19,zlobivý,27,understands,0
Czech,20,zlobivý,26,produces,0.0769
Czech,20,zlobivý,26,understands,0
Czech,21,zlobivý,34,produces,0.1176
Czech,21,zlobivý,34,understands,0
Czech,22,zlobivý,36,produces,0.1944
Czech,22,zlobivý,36,understands,0
Czech,23,zlobivý,46,produces,0.1957
Czech,23,zlobivý,46,understands,0
Czech,24,zlobivý,35,produces,0.1429
Czech,24,zlobivý,35,understands,0
Czech,25,zlobivý,35,produces,0.3429
Czech,25,zlobivý,35,understands,0
Czech,26,zlobivý,22,produces,0.3636
Czech,26,zlobivý,22,understands,0
Czech,27,zlobivý,37,produces,0.4324
Czech,27,zlobivý,37,understands,0
Czech,28,zlobivý,26,produces,0.6154
Czech,28,zlobivý,26,understands,0
Czech,29,zlobivý,39,produces,0.5641
Czech,29,zlobivý,39,understands,0
Czech,30,zlobivý,27,produces,0.7407
Czech,30,zlobivý,27,understands,0
Danish,8,slem,174,produces,0
Danish,8,slem,174,understands,0.0115
Danish,9,slem,196,produces,0
Danish,9,slem,196,understands,0.0051
Danish,10,slem,182,produces,0
Danish,10,slem,182,understands,0
Danish,11,slem,200,produces,0
Danish,11,slem,200,understands,0.01
Danish,12,slem,188,produces,0
Danish,12,slem,188,understands,0.0106
Danish,13,slem,216,produces,0
Danish,13,slem,216,understands,0.0185
Danish,14,slem,178,produces,0
Danish,14,slem,178,understands,0.0449
Danish,15,slem,203,produces,0
Danish,15,slem,203,understands,0.0394
Danish,16,slem,359,produces,0.0028
Danish,16,slem,359,understands,0.0362
Danish,17,slem,346,produces,0.0087
Danish,17,slem,346,understands,0.0549
Danish,18,slem,358,produces,0.0056
Danish,18,slem,358,understands,0.0642
Danish,19,slem,361,produces,0.0055
Danish,19,slem,361,understands,0.0637
Danish,20,slem,358,produces,0.0168
Danish,20,slem,358,understands,0.0698
Danish,21,slem,236,produces,0.0254
Danish,21,slem,236,understands,0
Danish,22,slem,235,produces,0.0298
Danish,22,slem,235,understands,0
Danish,23,slem,190,produces,0.0474
Danish,23,slem,190,understands,0
Danish,24,slem,216,produces,0.0833
Danish,24,slem,216,understands,0
Danish,25,slem,138,produces,0.1377
Danish,25,slem,138,understands,0
Danish,26,slem,206,produces,0.1262
Danish,26,slem,206,understands,0
Danish,27,slem,176,produces,0.142
Danish,27,slem,176,understands,0
Danish,28,slem,190,produces,0.1947
Danish,28,slem,190,understands,0
Danish,29,slem,182,produces,0.2363
Danish,29,slem,182,understands,0
Danish,30,slem,173,produces,0.2254
Danish,30,slem,173,understands,0
Danish,31,slem,175,produces,0.3029
Danish,31,slem,175,understands,0
Danish,32,slem,143,produces,0.3287
Danish,32,slem,143,understands,0
Danish,33,slem,151,produces,0.4172
Danish,33,slem,151,understands,0
Danish,34,slem,143,produces,0.4336
Danish,34,slem,143,understands,0
Danish,35,slem,113,produces,0.4602
Danish,35,slem,113,understands,0
Danish,36,slem,126,produces,0.4921
Danish,36,slem,126,understands,0
Dutch,8,stout,7,produces,0
Dutch,8,stout,7,understands,0
Dutch,9,stout,97,produces,0
Dutch,9,stout,97,understands,0.0103
Dutch,10,stout,128,produces,0
Dutch,10,stout,128,understands,0.0312
Dutch,11,stout,9,produces,0
Dutch,11,stout,9,understands,0
Dutch,12,stout,8,produces,0
Dutch,12,stout,8,understands,0
Dutch,13,stout,6,produces,0
Dutch,13,stout,6,understands,0
Dutch,14,stout,35,produces,0
Dutch,14,stout,35,understands,0
Dutch,15,stout,78,produces,0.0385
Dutch,15,stout,78,understands,0.2308
Dutch,16,stout,88,produces,0
Dutch,16,stout,88,understands,0.3182
Dutch,17,stout,90,produces,0.0556
Dutch,17,stout,90,understands,0.1778
Dutch,18,stout,247,produces,0.0405
Dutch,18,stout,247,understands,0.2591
Dutch,19,stout,103,produces,0.0971
Dutch,19,stout,103,understands,0.2718
Dutch,20,stout,55,produces,0.1636
Dutch,20,stout,55,understands,0.3636
Dutch,21,stout,14,produces,0.1429
Dutch,21,stout,14,understands,0.0714
Dutch,22,stout,7,produces,0.1429
Dutch,22,stout,7,understands,0
Dutch,23,stout,51,produces,0.3529
Dutch,23,stout,51,understands,0
Dutch,24,stout,42,produces,0.3333
Dutch,24,stout,42,understands,0.2619
Dutch,25,stout,21,produces,0.5714
Dutch,25,stout,21,understands,0.5714
Dutch,26,stout,7,produces,0.4286
Dutch,26,stout,7,understands,0.1429
Dutch,27,stout,5,produces,0.8
Dutch,27,stout,5,understands,0
Dutch,28,stout,15,produces,0.7333
Dutch,28,stout,15,understands,0.5333
Dutch,29,stout,52,produces,0.9038
Dutch,29,stout,52,understands,0.5385
Dutch,30,stout,28,produces,0.8571
Dutch,30,stout,28,understands,0.1429
Dutch,31,stout,7,produces,0.7143
Dutch,31,stout,7,understands,0.7143
English (American),8,naughty,255,produces,0.0039
English (American),8,naughty,255,understands,0.0392
English (American),9,naughty,299,produces,0.0033
English (American),9,naughty,299,understands,0.0334
English (American),10,naughty,279,produces,0.0036
English (American),10,naughty,279,understands,0.0609
English (American),11,naughty,360,produces,0.0139
English (American),11,naughty,360,understands,0.075
English (American),12,naughty,615,produces,0.0098
English (American),12,naughty,615,understands,0.0585
English (American),13,naughty,1039,produces,0.0029
English (American),13,naughty,1039,understands,0.0693
English (American),14,naughty,455,produces,0.0088
English (American),14,naughty,455,understands,0.0769
English (American),15,naughty,245,produces,0.0286
English (American),15,naughty,245,understands,0.1551
English (American),16,naughty,1750,produces,0.0069
English (American),16,naughty,1750,understands,0.0594
English (American),17,naughty,831,produces,0.0181
English (American),17,naughty,831,understands,0.0566
English (American),18,naughty,1024,produces,0.0322
English (American),18,naughty,1024,understands,0.0596
English (American),19,naughty,570,produces,0.0439
English (American),19,naughty,570,understands,0
English (American),20,naughty,537,produces,0.0428
English (American),20,naughty,537,understands,0
English (American),21,naughty,366,produces,0.0355
English (American),21,naughty,366,understands,0
English (American),22,naughty,454,produces,0.0419
English (American),22,naughty,454,understands,0
English (American),23,naughty,470,produces,0.0766
English (American),23,naughty,470,understands,0
English (American),24,naughty,985,produces,0.1381
English (American),24,naughty,985,understands,0
English (American),25,naughty,757,produces,0.148
English (American),25,naughty,757,understands,0
English (American),26,naughty,435,produces,0.1747
English (American),26,naughty,435,understands,0
English (American),27,naughty,361,produces,0.1939
English (American),27,naughty,361,understands,0
English (American),28,naughty,954,produces,0.2851
English (American),28,naughty,954,understands,0
English (American),29,naughty,390,produces,0.2923
English (American),29,naughty,390,understands,0
English (American),30,naughty,785,produces,0.2586
English (American),30,naughty,785,understands,0
English (Australian),12,naughty,71,produces,0
English (Australian),12,naughty,71,understands,0
English (Australian),13,naughty,64,produces,0
English (Australian),13,naughty,64,understands,0
English (Australian),14,naughty,111,produces,0.036
English (Australian),14,naughty,111,understands,0
English (Australian),15,naughty,69,produces,0.029
English (Australian),15,naughty,69,understands,0
English (Australian),16,naughty,60,produces,0.05
English (Australian),16,naughty,60,understands,0
English (Australian),17,naughty,104,produces,0.0288
English (Australian),17,naughty,104,understands,0
English (Australian),18,naughty,109,produces,0.1284
English (Australian),18,naughty,109,understands,0
English (Australian),19,naughty,124,produces,0.1532
English (Australian),19,naughty,124,understands,0
English (Australian),20,naughty,78,produces,0.2308
English (Australian),20,naughty,78,understands,0
English (Australian),21,naughty,68,produces,0.2059
English (Australian),21,naughty,68,understands,0
English (Australian),22,naughty,73,produces,0.3288
English (Australian),22,naughty,73,understands,0
English (Australian),23,naughty,71,produces,0.5352
English (Australian),23,naughty,71,understands,0
English (Australian),24,naughty,76,produces,0.5789
English (Australian),24,naughty,76,understands,0
English (Australian),25,naughty,85,produces,0.5059
English (Australian),25,naughty,85,understands,0
English (Australian),26,naughty,77,produces,0.5584
English (Australian),26,naughty,77,understands,0
English (Australian),27,naughty,72,produces,0.7361
English (Australian),27,naughty,72,understands,0
English (Australian),28,naughty,67,produces,0.6418
English (Australian),28,naughty,67,understands,0
English (Australian),29,naughty,65,produces,0.6769
English (Australian),29,naughty,65,understands,0
English (Australian),30,naughty,53,produces,0.7736
English (Australian),30,naughty,53,understands,0
English (British),12,naughty,27,produces,0
English (British),12,naughty,27,understands,0.1481
English (British),13,naughty,7,produces,0
English (British),13,naughty,7,understands,0
English (British),14,naughty,64,produces,0
English (British),14,naughty,64,understands,0.2188
English (British),15,naughty,88,produces,0
English (British),15,naughty,88,understands,0.2159
English (British),16,naughty,118,produces,0.0169
English (British),16,naughty,118,understands,0.2797
English (British),17,naughty,197,produces,0.0203
English (British),17,naughty,197,understands,0.3452
English (British),18,naughty,118,produces,0.0339
English (British),18,naughty,118,understands,0.4068
English (British),19,naughty,109,produces,0.0917
English (British),19,naughty,109,understands,0.5321
English (British),20,naughty,144,produces,0.1597
English (British),20,naughty,144,understands,0.5903
English (British),21,naughty,75,produces,0.1467
English (British),21,naughty,75,understands,0.6933
English (British),22,naughty,28,produces,0.25
English (British),22,naughty,28,understands,0.6071
English (British),23,naughty,112,produces,0.3393
English (British),23,naughty,112,understands,0.8036
English (British),24,naughty,87,produces,0.3908
English (British),24,naughty,87,understands,0.8391
English (British),25,naughty,36,produces,0.5
English (British),25,naughty,36,understands,0.75
Finnish,12,tuhma ,35,produces,0
Finnish,12,tuhma ,35,understands,0
Finnish,15,tuhma ,35,produces,0
Finnish,15,tuhma ,35,understands,0
Finnish,18,tuhma,119,produces,0.0252
Finnish,18,tuhma,119,understands,0
Finnish,24,tuhma,119,produces,0.4286
Finnish,24,tuhma,119,understands,0
French (French),8,"vilain/e, coquin/e",54,produces,0.0093
French (French),8,"vilain/e, coquin/e",54,understands,0.0556
French (French),9,"vilain/e, coquin/e",11,produces,0
French (French),9,"vilain/e, coquin/e",11,understands,0
French (French),10,"vilain/e, coquin/e",13,produces,0
French (French),10,"vilain/e, coquin/e",13,understands,0
French (French),11,"vilain/e, coquin/e",42,produces,0.0119
French (French),11,"vilain/e, coquin/e",42,understands,0.0238
French (French),12,"vilain/e, coquin/e",64,produces,0.0234
French (French),12,"vilain/e, coquin/e",64,understands,0.0469
French (French),13,"vilain/e, coquin/e",116,produces,0.0302
French (French),13,"vilain/e, coquin/e",116,understands,0.0733
French (French),14,"vilain/e, coquin/e",40,produces,0.0125
French (French),14,"vilain/e, coquin/e",40,understands,0.0375
French (French),15,"vilain/e, coquin/e",26,produces,0.0385
French (French),15,"vilain/e, coquin/e",26,understands,0.0385
French (French),16,"vilain/e, coquin/e",98,produces,0.0204
French (French),16,"vilain/e, coquin/e",98,understands,0.0051
French (French),17,"coquin/e, vilain/e",52,produces,0.0192
French (French),17,"coquin/e, vilain/e",52,understands,0
French (French),18,"coquin/e, vilain/e",54,produces,0.1204
French (French),18,"coquin/e, vilain/e",54,understands,0
French (French),19,"coquin/e, vilain/e",42,produces,0.1667
French (French),19,"coquin/e, vilain/e",42,understands,0
French (French),20,"coquin/e, vilain/e",81,produces,0.1914
French (French),20,"coquin/e, vilain/e",81,understands,0
French (French),21,"coquin/e, vilain/e",102,produces,0.201
French (French),21,"coquin/e, vilain/e",102,understands,0
French (French),22,"coquin/e, vilain/e",103,produces,0.2039
French (French),22,"coquin/e, vilain/e",103,understands,0
French (French),23,"coquin/e, vilain/e",118,produces,0.2373
French (French),23,"coquin/e, vilain/e",118,understands,0
French (French),24,"coquin/e, vilain/e",173,produces,0.263
French (French),24,"coquin/e, vilain/e",173,understands,0
French (French),25,"coquin/e, vilain/e",87,produces,0.3506
French (French),25,"coquin/e, vilain/e",87,understands,0
French (French),26,"coquin/e, vilain/e",64,produces,0.3672
French (French),26,"coquin/e, vilain/e",64,understands,0
French (French),27,"coquin/e, vilain/e",54,produces,0.4352
French (French),27,"coquin/e, vilain/e",54,understands,0
French (French),28,"coquin/e, vilain/e",76,produces,0.5329
French (French),28,"coquin/e, vilain/e",76,understands,0
French (French),29,"coquin/e, vilain/e",67,produces,0.6119
French (French),29,"coquin/e, vilain/e",67,understands,0
French (French),30,"coquin/e, vilain/e",68,produces,0.5368
French (French),30,"coquin/e, vilain/e",68,understands,0
French (Quebecois),8,tannant/méchant,103,produces,0
French (Quebecois),8,tannant/méchant,103,understands,0.0194
French (Quebecois),9,tannant/méchant,167,produces,0
French (Quebecois),9,tannant/méchant,167,understands,0.012
French (Quebecois),10,tannant/méchant,86,produces,0
French (Quebecois),10,tannant/méchant,86,understands,0.0581
French (Quebecois),11,tannant/méchant,81,produces,0
French (Quebecois),11,tannant/méchant,81,understands,0.0617
French (Quebecois),12,tannant/méchant,166,produces,0.006
French (Quebecois),12,tannant/méchant,166,understands,0.0663
French (Quebecois),13,tannant/méchant,126,produces,0
French (Quebecois),13,tannant/méchant,126,understands,0.0476
French (Quebecois),14,tannant/méchant,228,produces,0.0088
French (Quebecois),14,tannant/méchant,228,understands,0.0877
French (Quebecois),15,tannant/méchant,101,produces,0.0099
French (Quebecois),15,tannant/méchant,101,understands,0.0792
French (Quebecois),16,tannant/méchant,108,produces,0.0093
French (Quebecois),16,tannant/méchant,108,understands,0.1019
French (Quebecois),17,tannant/méchant,62,produces,0
French (Quebecois),17,tannant/méchant,62,understands,0
French (Quebecois),18,tannant/méchant,99,produces,0.0404
French (Quebecois),18,tannant/méchant,99,understands,0
French (Quebecois),19,tannant/méchant,91,produces,0.044
French (Quebecois),19,tannant/méchant,91,understands,0
French (Quebecois),20,tannant/méchant,196,produces,0.0561
French (Quebecois),20,tannant/méchant,196,understands,0
French (Quebecois),21,tannant/méchant,109,produces,0.0734
French (Quebecois),21,tannant/méchant,109,understands,0
French (Quebecois),22,tannant/méchant,86,produces,0.2326
French (Quebecois),22,tannant/méchant,86,understands,0
French (Quebecois),23,tannant/méchant,86,produces,0.2558
French (Quebecois),23,tannant/méchant,86,understands,0
French (Quebecois),24,tannant/méchant,132,produces,0.2197
French (Quebecois),24,tannant/méchant,132,understands,0
French (Quebecois),25,tannant/méchant,87,produces,0.3678
French (Quebecois),25,tannant/méchant,87,understands,0
French (Quebecois),26,tannant/méchant,95,produces,0.4211
French (Quebecois),26,tannant/méchant,95,understands,0
French (Quebecois),27,tannant/méchant,74,produces,0.5541
French (Quebecois),27,tannant/méchant,74,understands,0
French (Quebecois),28,tannant/méchant,61,produces,0.5738
French (Quebecois),28,tannant/méchant,61,understands,0
French (Quebecois),29,tannant/méchant,70,produces,0.6857
French (Quebecois),29,tannant/méchant,70,understands,0
French (Quebecois),30,tannant/méchant,100,produces,0.56
French (Quebecois),30,tannant/méchant,100,understands,0
Hebrew,11,שובב,1,produces,0
Hebrew,11,שובב,1,understands,0
Hebrew,12,שובב,4,produces,0
Hebrew,12,שובב,4,understands,0
Hebrew,13,שובב,4,produces,0
Hebrew,13,שובב,4,understands,0
Hebrew,14,שובב,1,produces,0
Hebrew,14,שובב,1,understands,0
Hebrew,15,שובב,2,produces,0
Hebrew,15,שובב,2,understands,0
Hebrew,16,שובב,6,produces,0
Hebrew,16,שובב,6,understands,0.1667
Hebrew,17,שובב,3,produces,0
Hebrew,17,שובב,3,understands,0.3333
Hebrew,19,שובב,4,produces,0
Hebrew,19,שובב,4,understands,0
Hebrew,20,שובב,9,produces,0.2222
Hebrew,20,שובב,9,understands,0.7778
Hebrew,21,שובב,4,produces,0.5
Hebrew,21,שובב,4,understands,0.5
Hebrew,22,שובב,3,produces,0.6667
Hebrew,22,שובב,3,understands,1
Hebrew,23,שובב,7,produces,0.1429
Hebrew,23,שובב,7,understands,0.2857
Hebrew,24,שובב,11,produces,0.5455
Hebrew,24,שובב,11,understands,0.7273
Hebrew,25,שובב,84,produces,0.2143
Hebrew,25,שובב,84,understands,0
Hebrew,26,שובב,80,produces,0.2875
Hebrew,26,שובב,80,understands,0
Hebrew,27,שובב,68,produces,0.4412
Hebrew,27,שובב,68,understands,0
Hebrew,28,שובב,57,produces,0.5614
Hebrew,28,שובב,57,understands,0
Hebrew,29,שובב,47,produces,0.4255
Hebrew,29,שובב,47,understands,0
Hebrew,30,שובב,28,produces,0.6786
Hebrew,30,שובב,28,understands,0
Hebrew,31,שובב,35,produces,0.5429
Hebrew,31,שובב,35,understands,0
Hebrew,32,שובב,36,produces,0.5278
Hebrew,32,שובב,36,understands,0
Hebrew,33,שובב,21,produces,0.5238
Hebrew,33,שובב,21,understands,0
Hebrew,34,שובב,27,produces,0.6296
Hebrew,34,שובב,27,understands,0
Hebrew,35,שובב,18,produces,0.6667
Hebrew,35,שובב,18,understands,0
Hebrew,36,שובב,5,produces,0.4
Hebrew,36,שובב,5,understands,0
Hungarian,16,huncut,21,produces,0
Hungarian,16,huncut,21,understands,0
Hungarian,17,huncut,18,produces,0.0556
Hungarian,17,huncut,18,understands,0
Hungarian,18,huncut,18,produces,0.0556
Hungarian,18,huncut,18,understands,0
Hungarian,19,huncut,26,produces,0.0769
Hungarian,19,huncut,26,understands,0
Hungarian,20,huncut,18,produces,0.1111
Hungarian,20,huncut,18,understands,0
Hungarian,21,huncut,36,produces,0.1111
Hungarian,21,huncut,36,understands,0
Hungarian,22,huncut,27,produces,0.1481
Hungarian,22,huncut,27,understands,0
Hungarian,23,huncut,18,produces,0.1667
Hungarian,23,huncut,18,understands,0
Hungarian,24,huncut,38,produces,0.1842
Hungarian,24,huncut,38,understands,0
Hungarian,25,huncut,43,produces,0.2326
Hungarian,25,huncut,43,understands,0
Hungarian,26,huncut,23,produces,0.1739
Hungarian,26,huncut,23,understands,0
Hungarian,27,huncut,26,produces,0.2308
Hungarian,27,huncut,26,understands,0
Hungarian,28,huncut,30,produces,0.3
Hungarian,28,huncut,30,understands,0
Hungarian,29,huncut,12,produces,0.4167
Hungarian,29,huncut,12,understands,0
Hungarian,30,huncut,18,produces,0.5556
Hungarian,30,huncut,18,understands,0
